{
  "balanced_acc":0.7735798865,
  "f1_no":0.6003039514,
  "f1_yes":0.990435668,
  "roc_auc":0.9727606697,
  "pr_auc":0.9991829178,
  "confusion_matrix_rows_true_0_1_cols_pred_0_1":[
    [
      395,
      317
    ],
    [
      209,
      27235
    ]
  ]
}