mean_fit_time,std_fit_time,mean_score_time,std_score_time,param_selectkbest__k,param_svm__C,params,split0_test_score,split1_test_score,split2_test_score,split3_test_score,split4_test_score,mean_test_score,std_test_score,rank_test_score
322.4037965297699,27.756389321116494,28.541902542114258,12.715988955439263,5000,0.5,"{'selectkbest__k': 5000, 'svm__C': 0.5}",0.7664760854538989,0.7698961592092278,0.7148143930767479,0.7256399653198129,0.691681652879351,0.7337016511878077,0.030237742998463702,1
328.8166334629059,62.57434710591509,11.794196701049804,4.366972667866118,5000,1.0,"{'selectkbest__k': 5000, 'svm__C': 1.0}",0.7574764170732,0.7607826215504601,0.7026813218425247,0.7174373818855954,0.6964093034408344,0.7269574091585229,0.027161373069291277,3
420.73058581352234,12.815927535369756,12.161325931549072,1.4586767256391002,10000,0.5,"{'selectkbest__k': 10000, 'svm__C': 0.5}",0.7664760854538989,0.7698961592092278,0.7148143930767479,0.7256399653198129,0.691681652879351,0.7337016511878077,0.030237742998463702,1
258.36642994880674,41.84995550996006,6.225521850585937,2.87666615599586,10000,1.0,"{'selectkbest__k': 10000, 'svm__C': 1.0}",0.7574764170732,0.7607826215504601,0.7026813218425247,0.7174373818855954,0.6964093034408344,0.7269574091585229,0.027161373069291277,3
