{
  "reg_log": {
    "model_name": "reg_log",
    "best_score_cv": 0.8159277443799755,
    "best_params": {
      "reglog__C": 0.1,
      "reglog__penalty": "l2",
      "selectkbest__k": 5000
    },
    "threshold_opt_f1_no": 0.1912194734678555,
    "metrics@opt": {
      "threshold": 0.1912194734678555,
      "roc_auc": 0.9043215577618717,
      "pr_auc": 0.9970680633138684,
      "f1_yes": 0.9839737752686214,
      "f1_no": 0.375886524822695,
      "balanced_acc": 0.6786962210420996
    },
    "metrics@0.5": {
      "threshold": 0.5,
      "roc_auc": 0.9043215577618717,
      "pr_auc": 0.9970680633138684,
      "f1_yes": 0.9004682674105808,
      "f1_no": 0.18581907090464547,
      "balanced_acc": 0.8129749352215296
    },
    "artifacts": {
      "gridsearch_pkl": "models\\model_zoo\\gridsearch_reg_log.pkl",
      "best_estimator_pkl": "models\\model_zoo\\best_reg_log.pkl",
      "cv_results_csv": "models\\model_zoo\\cv_results_reg_log.csv"
    }
  },
  "linsvm": {
    "model_name": "linsvm",
    "best_score_cv": 0.7429402737684474,
    "best_params": {
      "linsvm__C": 0.25,
      "selectkbest__k": 5000
    },
    "threshold_opt_f1_no": 0.2143168203491946,
    "metrics@opt": {
      "threshold": 0.2143168203491946,
      "roc_auc": 0.9142102157572026,
      "pr_auc": 0.9972542267940346,
      "f1_yes": 0.9872842870118075,
      "f1_no": 0.44881889763779526,
      "balanced_acc": 0.6956951178839887
    },
    "metrics@0.5": {
      "threshold": 0.5,
      "roc_auc": 0.9142102157572026,
      "pr_auc": 0.9972542267940346,
      "f1_yes": 0.8493408662900188,
      "f1_no": 0.1559202813599062,
      "balanced_acc": 0.8379819903024706
    },
    "artifacts": {
      "gridsearch_pkl": "models\\model_zoo\\gridsearch_linsvm.pkl",
      "best_estimator_pkl": "models\\model_zoo\\best_linsvm.pkl",
      "cv_results_csv": "models\\model_zoo\\cv_results_linsvm.csv"
    }
  },
  "svm": {
    "model_name": "svm",
    "best_score_cv": 0.7337016511878077,
    "best_params": {
      "selectkbest__k": 5000,
      "svm__C": 0.5
    },
    "threshold_opt_f1_no": 0.8020454205776264,
    "metrics@opt": {
      "threshold": 0.8020454205776264,
      "roc_auc": 0.9113253290233203,
      "pr_auc": 0.996383388606443,
      "f1_yes": 0.9814696485623003,
      "f1_no": 0.343042071197411,
      "balanced_acc": 0.676237204648657
    },
    "metrics@0.5": {
      "threshold": 0.5,
      "roc_auc": 0.9113253290233203,
      "pr_auc": 0.996383388606443,
      "f1_yes": 0.9873212840571891,
      "f1_no": 0.013986013986013986,
      "balanced_acc": 0.5035211267605634
    },
    "artifacts": {
      "gridsearch_pkl": "models\\model_zoo\\gridsearch_svm.pkl",
      "best_estimator_pkl": "models\\model_zoo\\best_svm.pkl",
      "cv_results_csv": "models\\model_zoo\\cv_results_svm.csv"
    }
  },
  "rand_forest": {
    "model_name": "rand_forest",
    "best_score_cv": 0.6384039823876723,
    "best_params": {
      "rf__max_depth": null,
      "rf__max_features": 0.5,
      "rf__n_estimators": 400,
      "selectkbest__k": 5000
    },
    "threshold_opt_f1_no": 0.7527142499999999,
    "metrics@opt": {
      "threshold": 0.7527142499999999,
      "roc_auc": 0.7801514918289336,
      "pr_auc": 0.988947923296291,
      "f1_yes": 0.9859770533600437,
      "f1_no": 0.45390070921985815,
      "balanced_acc": 0.7184304369019215
    },
    "metrics@0.5": {
      "threshold": 0.5,
      "roc_auc": 0.7801514918289336,
      "pr_auc": 0.988947923296291,
      "f1_yes": 0.9883247352701602,
      "f1_no": 0.4,
      "balanced_acc": 0.6486762102670669
    },
    "artifacts": {
      "gridsearch_pkl": "models\\model_zoo\\gridsearch_rand_forest.pkl",
      "best_estimator_pkl": "models\\model_zoo\\best_rand_forest.pkl",
      "cv_results_csv": "models\\model_zoo\\cv_results_rand_forest.csv"
    }
  }
}